SR NO,WORD,MEANING,BREIF,VERB,NOUN,ADJECTIVE,DETERMINER,ADVERB,PRONOUN,PERPOSITION,CONJUNCTION,INTERJECTION
1,stupendous,"so great in size, force, or extent as to elicit awe",Stupendous means amazing or awesome. You just won a million dollars and are donating it to charity? That’s stupendous!,,,so great in size or force or extent as to elicit awe,,,,,,,
2,ersatz,an artificial or inferior substitute or imitation,"The ersatz version of something is an inferior substitute or imitation. You might speak in an ersatz French accent, but you won't fool the Parisian who runs the local French bakery.",,an artificial or inferior substitute or imitation,artificial and inferior,,,,,,,
3,admonish,scold or reprimand; take to task,"To admonish is to scold. If you want to show someone you're not happy with his behavior, admonish him.",warn strongly; put on guard,,,,,,,,,
,,,,take to task,,,,,,,,,
,,,,admonish or counsel in terms of someone's behavior,,,,,,,,,
4,tyro,someone new to a field or activity,"A tyro is a beginner, a new recruit, or someone who is just learning something. If you are the new guy at the job and you're wearing a big badge that says ""Trainee"" on it, you are a tyro.",,someone new to a field or activity,,,,,,,,
5,aphrodisiac,a drug or other agent that stimulates sexual desire,An aphrodisiac is a drug (or something else) that puts people in the mood for sex.,,a drug or other agent that stimulates sexual desire,exciting sexual desire,,,,,,,
6,besmirch,smear so as to make dirty or stained,"To besmirch means to dirty or tarnish, particularly someone's reputation — like when you call Billy a cheater at kickball (even though you know he's just better at bunting than you).",charge falsely or with malicious intent; attack the good name and reputation of someone,,,,,,,,,
,,,,smear so as to make dirty or stained,,,,,,,,,
7,panacea,hypothetical remedy for all ills or diseases,"If someone offers you a pill that promises eternal life, don’t take the pill.  It’s a panacea, a remedy that falsely claims to solve every problem ever.",,hypothetical remedy for all ills or diseases; once sought by the alchemists,,,,,,,,
8,epithet,descriptive word or phrase,"The noun epithet is a descriptive nickname, such as ""Richard the Lionhearted,"" or ""Tommy the Terrible."" When it takes a turn for the worse, it can also be a word or phrase that offends.",,a defamatory or abusive word or phrase,,,,,,,,
,,,,,descriptive word or phrase,,,,,,,,
9,ostracize,expel from a community or group,"If you banish someone or ignore him, you ostracize him. When the Iranian president claimed that the Holocaust was a hoax, he was ostracized by the international community.",avoid speaking to or dealing with,,,,,,,,,
,,,,expel from a community or group,,,,,,,,,
10,placebo,an innocuous or inert medication,"A patient's symptoms sometimes disappear just because they believe that they are being treated. Even when doctors give them a biologically inactive drug, otherwise known as a placebo, the patients swear they are cured.",,(Roman Catholic Church) vespers of the office for the dead,,,,,,,,
,,,,,an innocuous or inert medication; given as a pacifier or to the control group in experiments on the efficacy of a drug,,,,,,,,
11,fiasco,a complete failure or collapse,A fiasco is a disaster. It's not a natural disaster — like an earthquake or a volcano; a fiasco is usually the result of human failure.,,a complete failure or collapse,,,,,,,,
12,dichotomy,a classification into two opposed parts or subclasses,"A dichotomy is an idea or classification split in two. When you point out a dichotomy, you draw a clear distinction between two things.",,being twofold; a classification into two opposed parts or subclasses,,,,,,,,
13,coterie,an exclusive circle of people with a common purpose,"Have you noticed how so many of the best TV shows concentrate on a group of friends who seem to mesh together perfectly, to the exclusion of all others? This, then, is a coterie, an exclusive group with common interests.",,an exclusive circle of people with a common purpose,,,,,,,,
14,euphemism,an inoffensive expression substituted for an offensive one,"Pardon me, but when a polite term is substituted for a blunt, offensive one, you should call it a euphemism.",,an inoffensive or indirect expression that is substituted for one that is considered offensive or too harsh,,,,,,,,
15,zealot,a fervent and even militant proponent of something,"The hamburger zealot was so fanatical about his burgers that he camped outside his favorite fast-food joint for hours every morning, waiting for it to open. And he would never put mustard on them, only ketchup.",,a fervent and even militant proponent of something,,,,,,,,
16,mesmerize,"attract strongly, as if with a magnet","You meet someone and you can’t take your eyes off them, like you are connected by an invisible cord and can’t break free.  Those kinds of people have the power to mesmerize, holding your attention like you’re under hypnosis.",induce hypnosis in,,,,,,,,,
,,,,"attract strongly, as if with a magnet",,,,,,,,,
17,paragon,a perfect embodiment of a concept,"Paragon applies to someone who is a model of perfection in some quality or trait. We link paragon with other words that follow it, such as ""paragon of virtue"" or ""paragon of patience.""",,model of excellence or perfection of a kind; one having no equal,,,,,,,,
,,,,,an ideal instance; a perfect embodiment of a concept,,,,,,,,
18,dilettante,an amateur engaging in an activity without serious intention,"Though dilettante might sound like a nice French word, don't use it on your friend who thinks he can play the guitar after several short lessons. A dilettante is an amateur, often one who pretends to be very knowledgeable.",,an amateur who engages in an activity without serious intentions and who pretends to have knowledge,showing frivolous or superficial interest; amateurish,,,,,,,
19,hyperbole,extravagant exaggeration,"Praising your favorite sports team is one thing, but if you call the team the most incredible group of humans ever to walk the earth, then you're going overboard and indulging in hyperbole.",,extravagant exaggeration,,,,,,,,
20,extravagant,recklessly wasteful,"Extravagant is an adjective that means expensive, excessive, and over the top. A modest chandelier in your dining room is normal. But crystal-studded walls and gold-plated goblets? That's a bit extravagant.",,,"unrestrained, especially with regard to feelings",,,,,,,
,,,,,,recklessly wasteful,,,,,,,
,,,,,,extremely or unreasonably high in price,,,,,,,
,,,,,,greatly exceeding bounds of reason or moderation,,,,,,,
21,pedant,a person who pays too much attention to formal rules,"A pedant is an annoying person who is focused on minor details and book knowledge rather than ordinary common sense. In war, it can be dangerous to have a pedant as commander — he'll insist on textbook maneuvers instead of adapting to circumstances on the ground.",,a person who pays more attention to formal rules and book learning than they merit,,,,,,,,
22,apotheosis,model of excellence or perfection of a kind,"If your teacher says the term paper you handed in last week is a work of genius that sets a new gold standard for the school, he's telling you your work is the apotheosis of term papers. The epitome. Perfection.",,the elevation of a person (as to the status of a god),,,,,,,,
,,,,,model of excellence or perfection of a kind; one having no equal,,,,,,,,
23,sycophant,a person who tries to please someone to gain an advantage,"A sycophant is a person who tries to win favor from wealthy or influential people by flattering them. Also known as brown-nosers, teacher's pets or suck-ups.",,a person who tries to please someone in order to gain a personal advantage,,,,,,,,
24,dogma,a doctrine or code of beliefs accepted as authoritative,Dogma means the doctrine of belief in a religion or a political system.,,a religious doctrine that is proclaimed as true without proof,,,,,,,,
,,,,,a doctrine or code of beliefs accepted as authoritative,,,,,,,,
25,misanthrope,someone who dislikes people in general,"A misanthrope is a person who hates or mistrusts other people. Your great aunt Edna who lashes out at anyone who approaches, convinced they'll steal the jewelry she keeps in her handbag on her lap? A misanthrope indeed.",,someone who dislikes people in general,,,,,,,,
26,dissonance,disagreeable sounds,Disagreeable sounds can be called dissonance. You know it's dissonance if you have the strong desire to cover your ears with your hands.,,a conflict of people's opinions or actions or characters,,,,,,,,
,,,,,disagreeable sounds,,,,,,,,
,,,,,the auditory experience of sound that lacks musical quality; sound that is a disagreeable auditory experience,,,,,,,,
27,histrionic,overly dramatic or emotional,"Anything that has to do with actors or acting can be called  histrionic, like a Broadway actor's histrionic voice projection that would sound strange in everyday life but is perfect for the stage.",,,characteristic of acting or a stage performance; affected,,,,,,,
,,,,,,overly dramatic or emotional,,,,,,,
28,esoteric,understandable only by an enlightened inner circle,"Pssst... do you know the secret handshake? If you haven't been brought into the inner circle of those with special knowledge, esoteric things will remain a mystery to you.",,,confined to and understandable by only an enlightened inner circle,,,,,,,
29,nuance,a subtle difference in meaning or opinion or attitude,"Use nuance to refer to a very small difference in color, meaning, or feeling. What makes singers brilliant is not how loud they can sing a note, but how many nuances they can evoke through their approach.",,a subtle difference in meaning or opinion or attitude,,,,,,,,
30,aficionado,"a serious devotee of some activity, genre, or performer","If you really like something and make it your business to study up on its history and characteristics, you could be called an aficionado of that subject.",,a fan of bull fighting,,,,,,,,
,,,,,a serious devotee of some particular music genre or musical performer,,,,,,,,
31,idiosyncratic,peculiar to the individual,"Idiosyncratic means unique to an individual. Albert Einstein famously had lots of idiosyncratic habits.  For example, he rarely wore socks, and he talked to his cat.",,,peculiar to the individual,,,,,,,
32,rubric,category name,"A rubric is a heading or a category in a chart, or a rule of conduct. A teacher's grading rubrics may include participation, homework completion, tests, quizzes, and papers.",adorn with ruby red color,an explanation or definition of an obscure word in a text,,,,,,,,
33,travesty,a composition that imitates or misrepresents a style,"A travesty is a cheap mockery, usually of something or someone serious, such as a travesty of justice.",make a travesty of,"a distorted, debased, or absurd imitation of something",,,,,,,,
34,prescience,the power to foresee the future,"Do you already know what happens tomorrow? Next week? Next year? If you can see into the future, then you have prescience.",,the power to foresee the future,,,,,,,,
35,equivocate,be deliberately ambiguous or unclear,"When you are unwilling to make a decision and almost intentionally go back and forth between two choices, you are equivocating. When politicians equivocate, they are often afraid of upsetting, and thus alienating, voters with their decisions.",be deliberately ambiguous or unclear in order to mislead or withhold information,,,,,,,,,
36,vexation,anger produced by some annoying irritation,Vexation is both something that causes annoyance and the state of mind that results from being annoyed. The test-taker next to you tapping her pencil is a vexation. You breaking her pencil in half makes her feel vexation.,,the act of troubling or annoying someone,,,,,,,,
,,,,,anger produced by some annoying irritation,,,,,,,,
,,,,,the psychological state of being irritated or annoyed,,,,,,,,
,,,,,something or someone that causes anxiety; a source of unhappiness,,,,,,,,
37,obduracy,resoluteness by virtue of being unyielding and inflexible,,,resoluteness by virtue of being unyielding and inflexible,,,,,,,,
38,fiefdom,the domain controlled by a feudal lord,,,an organization that is controlled by a dominant person or group,,,,,,,,
,,,,,the domain controlled by a feudal lord,,,,,,,,
39,anachronism,locating something at a time when it couldn't have existed,"An anachronism is something that doesn't fit its time period, like if you say you'll ""dial"" your smartphone.",,a person who seems to be displaced in time; who belongs to another age,,,,,,,,
,,,,,the act of locating something at a time when it could not have existed or occurred,,,,,,,,
,,,,,an artifact that belongs to another time,,,,,,,,
40,egregious,conspicuously and outrageously bad or reprehensible,"Something that is egregious stands out, but not in a good way — it means ""really bad or offensive."" If you make an egregious error during a championship soccer match, your coach might bench you for the rest of the game.",,,conspicuously and outrageously bad or reprehensible,,,,,,,
41,profusion,the property of being extremely abundant,"If there's an abundance of something, you can say that there's a profusion of it. Hilarious and bizarre YouTube videos certainly exist in profusion.",,the property of being extremely abundant,,,,,,,,
42,acrimony,a rough and bitter manner,"Acrimony is bitterness, or ill will. Acrimony is a spiteful word. It sounds bitter, like acid.",,a rough and bitter manner,,,,,,,,
43,exacerbate,make worse,"For a formal-sounding verb that means to make worse, try exacerbate. If you're in trouble, complaining about it will only exacerbate the problem.",exasperate or irritate,,,,,,,,,
,,,,make worse,,,,,,,,,
44,curmudgeon,"an irascible, cantankerous person full of stubborn ideas","Old, cranky, and more than a little stubborn, a curmudgeon is the gruff, grey-haired neighbor who refuses to hand out candy at Halloween and shoos away holiday carolers with a ""bah humbug!""",,a crusty irascible cantankerous old person full of stubborn ideas,,,,,,,,
45,innocuous,not injurious to physical or mental health,"Something that's innocuous isn't harmful or likely to cause injury. Public figures like mayors and governors have to expect they'll get critical or even hurtful emails and phone calls, as well as more innocuous feedback.",,,not causing disapproval,,,,,,,
,,,,,,not injurious to physical or mental health,,,,,,,
,,,,,,lacking intent or capacity to injure,,,,,,,
46,anathema,a formal ecclesiastical curse accompanied by excommunication,Something that one absolutely and positively cannot stand is anathema. Garlic is anathema to vampires (ditto for stakes and daylight). So is kryptonite to Superman or a silver bullet to a werewolf.,,something that inspires dislike; something horrible,,,,,,,,
,,,,,a formal ecclesiastical curse accompanied by excommunication,,,,,,,,
,,,,,a detested person or thing,,,,,,,,
47,haughty,having or showing arrogant superiority,"Someone who is haughty is arrogant and full of pride. When you're haughty, you have a big attitude and act like you're better than other people.",,,having or showing arrogant superiority to and disdain of those one views as unworthy,,,,,,,
48,asceticism,rigorous self-denial and active self-restraint,"Asceticism is rigorous self-denial, particularly the rejection of the pleasures of the world. If you don't drink, smoke, eat sugar, see movies, use the internet, or have a cell phone, then you are already practicing a kind of asceticism.",,the doctrine that through renunciation of worldly pleasures it is possible to achieve a high spiritual or intellectual state,,,,,,,,
,,,,,rigorous self-denial and active self-restraint,,,,,,,,
,,,,,the trait of great self-denial (especially refraining from worldly pleasures),,,,,,,,
49,imprimatur,formal and explicit approval,"If you give something your imprimatur, you give it your formal support or approval. An imprimatur is a fancy version of a thumbs-up sign.",,formal and explicit approval,,,,,,,,
50,sardonic,disdainfully or ironically humorous,"If someone is being scornful and mocking in a humorous way, call her sardonic. If you want to write comic sketches for late-night talk shows, work on being sardonic.",,,disdainfully or ironically humorous; scornful and mocking,,,,,,,
51,ameliorate,make better,To ameliorate is to step in and make a bad situation better. You could try introducing a second lollipop to ameliorate a battle between two toddlers over a single lollipop.,get better,,,,,,,,,
,,,,make better,,,,,,,,,
52,turpitude,a corrupt or depraved or degenerate act or practice,"If you are guilty of turpitude, you should be ashamed of yourself. Turpitude is a word that represents depraved behavior. Prisons are filled with criminals who have engaged in acts of moral turpitude.",,a corrupt or depraved or degenerate act or practice,,,,,,,,
53,dalliance,the act of delaying and playing instead of working,"A dalliance is a playful flirtation, one that might lead to a casual romance. The king's public dalliance toward the lady in waiting shocked everyone in the court except for the queen.",,playful behavior intended to arouse romantic interest,,,,,,,,
,,,,,the deliberate act of delaying and playing instead of working,,,,,,,,
54,autodidact,a person who has taught himself,"If you're an autodidact you've done most of your learning on your own, outside of school. Having learned Greek and Latin, as well as landscape painting and auto repair, without any formal training makes you quite the autodidact.",,a person who has taught himself,,,,,,,,
55,evanescent,short-lived; tending to vanish or disappear,"A beautiful sunset, a rainbow, a wonderful dream right before your alarm clock goes off — all of these could be described as evanescent, which means “fleeting” or “temporary.”",,,tending to vanish like vapor,,,,,,,
56,interlude,an intervening period or episode,An interlude is a brief period of time that comes in the middle of something. You might enjoy a relaxing lemonade interlude in the middle of a tough day at your road-paving job.,perform an interlude,a brief show (music or dance etc) inserted between the sections of a longer performance,,,,,,,,
57,demure,"shy or modest, often in a playful or provocative way",A demure person can be described as polite and a little shy. A demure outfit is a modest one — think high neckline and low hem.,,,(used especially of clothing) suggestive of modesty or reserve,,,,,,,
,,,,,,affectedly modest or shy especially in a playful or provocative way,,,,,,,
58,mellifluous,pleasing to the ear,"Use the adjective mellifluous to describe something that sounds sweet and smooth, like the honeyed voice of a late-night radio DJ.",,,pleasing to the ear,,,,,,,
59,felicity,pleasing and appropriate manner or style,"Felicity is a state of happiness or the quality of joy. Sitting on the roof with a telescope and iced tea on a clear, starry night is one way to find perfect felicity — a happy place.",,state of well-being characterized by emotions ranging from contentment to intense joy,,,,,,,,
,,,,,pleasing and appropriate manner or style (especially manner or style of expression),,,,,,,,
60,imbroglio,an intricate and confusing interpersonal situation,"An imbroglio is a complicated or confusing personal situation. To rephrase the J. Geils band song, ""Love Stinks,"" if you love her and she loves him and he loves somebody else, you've got quite an imbroglio.",,a very embarrassing misunderstanding,,,,,,,,
,,,,,an intricate and confusing interpersonal or political situation,,,,,,,,
61,insouciance,a casual or lighthearted feeling of unconcern,"Insouciance is a feeling of careless indifference. There's a certain amount of lightheartedness in insouciance, but rather than merely being cheerful, someone with insouciance truly couldn't care less.",,the cheerful feeling you have when nothing is troubling you,,,,,,,,
62,lassitude,a feeling of lack of interest or energy,"If you are feeling lassitude, you're weary and just can't be bothered. Couch potatoes make lassitude into an art form.",,a state of comatose torpor (as found in sleeping sickness),,,,,,,,
,,,,,a feeling of lack of interest or energy,,,,,,,,
,,,,,weakness characterized by a lack of vitality or energy,,,,,,,,
63,lucid,transparently clear; easily understandable,"Something that's lucid is clear and understandable. Lucid writing is important in journalism, so that readers easily get the point of the article they're reading.",,,transmitting light; able to be seen through with clarity,,,,,,,
,,,,,,(of language) transparently clear; easily understandable,,,,,,,
,,,,,,having a clear mind,,,,,,,
,,,,,,capable of thinking and expressing yourself in a clear and consistent manner,,,,,,,
64,elysian,relating to the abode of the blessed after death,"The adjective elysian describes a blissful state, like the one most people hope to enjoy on a Hawaiian vacation.",,,being of such surpassing excellence as to suggest inspiration by the gods,,,,,,,
,,,,,,relating to the Elysian Fields,,,,,,,
65,neophyte,a participant with no experience with an activity,A neophyte is someone who's brand new at something. You're a neophyte the first time you pick up a guitar and start learning to play.,,a plant that is found in an area where it had not been recorded previously,,,,,,,,
,,,,,a participant with no experience with an activity,,,,,,,,
,,,,,a new convert being taught the principles of Christianity by a catechist,,,,,,,,
66,rapture,a state of being carried away by overwhelming emotion,Rapture is a feeling of emotional ecstasy so magical it's almost as if you've been transported to some other world.,,a state of elated bliss,,,,,,,,
,,,,,a state of being carried away by overwhelming emotion,,,,,,,,
67,evocative,serving to bring to mind,"Use the adjective evocative when you want to describe something that reminds you of something else. If your mom baked a lot when you were a kid, the smell of cookies in the oven is probably evocative of your childhood.",,,serving to bring to mind,,,,,,,
68,antipathy,a feeling of intense dislike,"An antipathy is a deep-seated dislike of something or someone. Usually it's a condition that is long-term, innate, and pretty unlikely to change — like your antipathy for the Red Sox.",,the object of a feeling of intense aversion; something to be avoided,,,,,,,,
,,,,,a feeling of intense dislike,,,,,,,,
69,affinity,a natural attraction or feeling of kinship,"If you get along with someone very well, you have an affinity with them. Sometimes opposites attract, so you might feel a strange affinity to someone who is seemingly very different from you.",,(immunology) the attraction between an antigen and an antibody,,,,,,,,
,,,,,a natural attraction or feeling of kinship,,,,,,,,
,,,,,a close connection marked by community of interests or similarity in nature or character,,,,,,,,
,,,,,(anthropology) kinship by marriage or adoption; not a blood relationship,,,,,,,,
70,empathy,understanding and entering into another's feelings,"Use empathy if you're looking for a noun meaning ""the ability to identify with another's feelings.""",,understanding and entering into another's feelings,,,,,,,,
71,anomaly,"deviation from the normal or common order, form, or rule","An anomaly is an abnormality, a blip on the screen of life that doesn’t fit with the rest of the pattern. If you are a breeder of black dogs and one puppy comes out pink, that puppy is an anomaly.",,(astronomy) position of a planet as defined by its angular distance from its perihelion (as observed from the sun),,,,,,,,
,,,,,deviation from the normal or common order or form or rule,,,,,,,,
,,,,,a person who is unusual,,,,,,,,
72,hoi polloi,the common people generally,"The hoi polloi is a way of referring to common people, and it is an elitist term usually used by people who consider themselves to be above the masses.",,the common people generally,,,,,,,,
73,paramount,more important than anything else; supreme,"To the President, protecting our nation's security is of paramount importance — it's at the very top of his to-do list.",,,having superior power or influence,,,,,,,
,,,,,,more important than anything else; supreme,,,,,,,
74,antagonize,provoke the hostility of,"To antagonize is to provoke someone to react angrily. If your mother tells you to stop antagonizing your brother, she's asking you to stop making him mad.",act in opposition to,,,,,,,,,
,,,,provoke the hostility of,,,,,,,,,
75,arrant,complete and without qualification,The word arrant intensifies. An arrant criminal is one heck of a criminal. Arrant nonsense is total nonsense.,,,without qualification; used informally as (often pejorative) intensifiers,,,,,,,
76,errant,straying from the right course or from accepted standards,Something or someone described as errant has gone astray or done wrong by going in an unexpected direction. An errant bird might end up in northern Canada while his friends fly to southern Mexico for the winter.,,,"traveling from place to place, especially in search of adventure",,,,,,,
,,,,,,straying from the right course or from accepted standards,,,,,,,
,,,,,,"moving in an uncontrolled, irregular, or unpredictable way",,,,,,,
77,adulterate,make impure by adding a foreign or inferior substance,"If you adulterate something, you mess it up. You may not want to adulterate the beauty of freshly fallen snow by shoveling it, but how else are you going to get to work?","corrupt, debase, or make impure by adding a foreign or inferior substance; often by replacing valuable ingredients with inferior ones",,mixed with impurities,,,,,,,
78,bedaze,overcome as with astonishment or disbelief,,overcome as with astonishment or disbelief,,,,,,,,,
79,craven,lacking even the rudiments of courage; abjectly fearful,"A craven man is no Superman or Spiderman, nor is he a firefighter or a soldier. A craven man is the opposite of those guys: he has not an ounce of courage.",,an abject coward,lacking even the rudiments of courage; abjectly fearful,,,,,,,
80,prevaricate,be deliberately ambiguous or unclear,"When you prevaricate, you lie or mislead. Now, go ahead and tell me whether you already knew that meaning, and don’t prevaricate about it — give me the story straight!",be deliberately ambiguous or unclear in order to mislead or withhold information,,,,,,,,,
81,gregarious,temperamentally seeking and enjoying the company of others,"If you know someone who's outgoing, sociable, and fond of the company of others, you might want to call her gregarious.",,,(of plants) growing in groups that are close together,,,,,,,
,,,,,,instinctively or temperamentally seeking and enjoying the company of others,,,,,,,
,,,,,,(of animals) tending to form a group with others of the same species,,,,,,,
82,iconoclast,someone who attacks cherished ideas or institutions,Are you always challenging the establishment? Or provoking popular thought by attacking traditions and institutions? Then you're definitely an iconoclast.,,a destroyer of images used in religious worship,,,,,,,,
,,,,,someone who attacks cherished ideas or traditional institutions,,,,,,,,
83,assail,attack someone physically or emotionally,"To assail is to attack or assault — with throwing stars, fists, words or, less tangibly but just as violently, with troubles or doubts.",launch an attack or assault on; begin hostilities or start warfare with,,,,,,,,,
,,,,attack someone physically or emotionally,,,,,,,,,
,,,,attack in speech or writing,,,,,,,,,
84,denounce,speak out against,"To denounce is to tattle, rat out, or speak out against something. When you stand on your desk and tell the class that your partner is cheating, you denounce him or her.","announce the termination of, as of treaties",,,,,,,,,
,,,,speak out against,,,,,,,,,
,,,,accuse or condemn openly or formally as disgraceful,,,,,,,,,
,,,,give away information about somebody,,,,,,,,,
85,castigate,inflict severe punishment on,"Use castigate  when you mean ""to reprimand in an especially harsh way."" If you accidentally spill coffee all over your sister's favorite sweater, you might worry that she's going to castigate you as soon as she finds out.",censure severely,,,,,,,,,
,,,,inflict severe punishment on,,,,,,,,,
86,diatribe,thunderous verbal attack,"It's pretty overwhelming when you ask your friend a seemingly innocuous question, like ""Do you like hot dogs?"" and she unleashes a diatribe about the evils of eating meat. A diatribe is an angry, critical speech.",,thunderous verbal attack,,,,,,,,
87,excoriate,express strong disapproval of,"When it comes to “telling someone off,” excoriate is reserved for the most severe cases. So, before you excoriate your little sister for borrowing your favorite jacket without permission, consider whether she truly deserves such harsh treatment.",tear or wear off the skin or make sore by abrading,,,,,,,,,
,,,,express strong disapproval of,,,,,,,,,
88,fulminate,cause to explode violently and with loud noise,Watch a bomb fulminate or explode and hope you're under safe cover. Have your parents fulminate or blow up at you for coming home past curfew and hope you're not grounded for too long.,criticize severely,a salt or ester of fulminic acid,,,,,,,,
89,bombastic,ostentatiously lofty in style,To be bombastic is to be full of hot air — like a politician who makes grand promises and doesn't deliver.,,,ostentatiously lofty in style,,,,,,,
90,lambaste,censure severely or angrily,To lambaste is to reprimand or berate someone severely. People lambaste those who have angered or disappointed them.,beat with a cane,,,,,,,,,
,,,,censure severely or angrily,,,,,,,,,
91,revile,spread negative information about,"If something is reviled, you alone don’t dislike it; a whole community of like-minded souls has to hate its guts. For instance, spam is widely reviled. (The junk e-mails, not the potted meat. Somebody out there really does like that potted meat.)",spread negative information about,,,,,,,,,
92,tirade,a speech of violent denunciation,"A tirade is a speech, usually consisting of a long string of violent, emotionally charged words. Borrow and lose your roommate’s clothes one too many times, and you can bet you’ll be treated to a heated tirade.",,a speech of violent denunciation,,,,,,,,
93,upbraid,express criticism towards,"No, upbraid isn’t an elaborate hairdo. When you upbraid people, you scold them, tell them off, and criticize them. (You could, however, upbraid your stylist after a bad haircut.)",express criticism towards,,,,,,,,,
94,drub,beat thoroughly and conclusively in a competition or fight,,beat thoroughly and conclusively in a competition or fight,,,,,,,,,
95,pulverize,make into a powder by breaking up or cause to become dust,"When you pulverize something, you break it up until it becomes dust or powder. You might pulverize coffee beans in grinder, running it until the coffee turns to powder.",destroy completely,,,,,,,,,
,,,,make into a powder by breaking up or cause to become dust,,,,,,,,,
,,,,become powder or dust,,,,,,,,,
96,subjugate,make subservient; force to submit or subdue,"If you say you won't be kept down by the man, you are saying that you won't let the man subjugate you. To subjugate is to repress someone, or to make them subservient to you.",put down by force or intimidation,,,,,,,,,
,,,,make subservient; force to submit or subdue,,,,,,,,,
97,vanquish,"defeat in a competition, race, or conflict","To vanquish is to be the complete and total winner, to overpower and overcome, whether in a contest, a race, or a war. It generally suggests a total trouncing, to the point of humiliation — or worse — for the loser.","come out better in a competition, race, or conflict",,,,,,,,,
98,capitulate,surrender under agreed conditions,"To capitulate means to give in to something. If your parents refuse to raise your allowance, you might try to argue until they capitulate. Good luck!",surrender under agreed conditions,,,,,,,,,
99,axiom,a proposition that is not susceptible of proof or disproof,"An axiom is a statement that everyone believes is true, such as ""the only constant is change."" Mathematicians use the word axiom to refer to an established proof.",,a saying that is widely accepted on its own merits,,,,,,,,
,,,,,(logic) a proposition that is not susceptible of proof or disproof; its truth is assumed to be self-evident,,,,,,,,
100,approbation,official acceptance or agreement,Approbation is a formal word for approval or praise. Approbation is like getting the nod in a big way. Politicians rely on the public’s approbation to get elected.,,official recognition or approval,,,,,,,,
,,,,,official approval,,,,,,,,
101,belligerent,characteristic of an enemy or one eager to fight,"If someone is belligerent, they're eager to fight. It's a good idea to avoid hardcore hockey fans after their team loses — they tend to be belligerent.",,someone who fights (or is fighting),engaged in war,,,,,,,
102,capricious,determined by chance or impulse rather than by necessity,"Capricious is an adjective to describe a person or thing that's impulsive and unpredictable, like a bride who suddenly leaves her groom standing at the wedding altar.",,,changeable,,,,,,,
,,,,,,determined by chance or impulse or whim rather than by necessity or reason,,,,,,,
103,reprimand,an act or expression of criticism and censure,"If you're reprimanded, someone in authority speaks to you in an angry way because you've done something wrong. Or you might reprimand your dog if he steals your hot dog.",censure severely or angrily,an act or expression of criticism and censure,,,,,,,,
,,,,rebuke formally,an act or expression of criticism and censure,,,,,,,,
104,naive,marked by or showing unaffected simplicity,"No one likes being called naive, since it means you lack sophistication or street smarts.",,,of or created by one without formal training; simple or naive in style,,,,,,,
,,,,,,marked by or showing unaffected simplicity and lack of guile or worldly experience,,,,,,,
,,,,,,lacking information or instruction,,,,,,,
,,,,,,inexperienced,,,,,,,
105,impassive,having or revealing little emotion or sensibility,"Someone who doesn't seem to react — who is always ""taking a pass"" in the conversation of life can be described as impassive.",,,deliberately impassive in manner,,,,,,,
,,,,,,having or revealing little emotion or sensibility; not easily aroused or excited,,,,,,,
106,erratic,liable to sudden unpredictable change,"The adjective erratic describes things that are unpredictable, unusual, and that deviate from the norm. An erratic quarterback might completely confuse his receivers waiting for a pass.",,,having no fixed course,,,,,,,
,,,,,,liable to sudden unpredictable change,,,,,,,
,,,,,,likely to perform unpredictably,,,,,,,
107,veracity,unwillingness to tell lies,"Veracity sounds like some kind of disease you don't want to catch, but in fact, it means truthfulness. If you question the veracity of a statement or story, you wonder whether it is truthful or accurate.",,unwillingness to tell lies,,,,,,,,
108,verbose,using or containing too many words,"If you're verbose, you use far more words than you need to. A verbose book report goes on and on and is packed with long, complicated words that aren't at all necessary.",,,using or containing too many words,,,,,,,
109,solicitous,full of anxiety and concern,"When you hear the word solicitous, think of your mom — attentive, caring, and concerned. It's nice when your waiter gives you good service, but if he or she is solicitous, the hovering might annoy you.",,,showing hovering attentiveness,,,,,,,
,,,,,,full of anxiety and concern,,,,,,,
110,abscond,"run away, often taking something or somebody along","Abscond is to escape, often taking something along. As a kid, you may have absconded from your lemonade stand — with the coffee can of cash in hand, and your bewildered sister still filling cups for your customers.",run away; usually includes taking something or somebody along,,,,,,,,,
111,lethargic,deficient in alertness or activity,"When you feel lethargic, you're sluggish or lacking energy. Being sleepy or hungry can make anyone lethargic.",,,deficient in alertness or activity,,,,,,,
112,disseminate,cause to become widely known,"Disseminate means to spread information, knowledge, opinions widely. Semin- derives from the Latin word for seed; the idea with disseminate is that information travels like seeds sown by a farmer.",spread by scattering,,,,,,,,,
,,,,cause to become widely known,,,,,,,,,
113,latent,potentially existing but not presently evident or realized,"Latent is an adjective that you use to describe something that is capable of becoming active or at hand, though it is not currently so.",,,(pathology) not presently active,,,,,,,
,,,,,,potentially existing but not presently evident or realized,,,,,,,
114,aberrant,markedly different from an accepted norm,Use the adjective aberrant to describe unusual conduct. Sitting in a bathtub and singing show tunes all day long might be considered aberrant behavior.,,one whose behavior departs substantially from the norm of a group,markedly different from an accepted norm,,,,,,,
115,ambivalent,uncertain or unable to decide about what course to follow,"If you can't decide how you feel about something, declare yourself ambivalent about it.",,,uncertain or unable to decide about what course to follow,,,,,,,
116,rancid,having an offensive smell or taste,"Rancid means sour, rotten, and nasty and refers most specifically to the sharp bad smell of decomposing oils or fats. ""Rancid"" is a great name for a post-punk band, but a lousy way to describe the sauce on your eggs Benedict.",,,smelling of fermentation or staleness,,,,,,,
,,,,,,(used of decomposing oils or fats) having a rank smell or taste usually due to a chemical change or decomposition,,,,,,,
117,rancorous,showing deep-seated resentment,"The adjective rancorous comes in handy when you're describing someone's bitter grudge, like the attitude of your cousin who still won't speak to you after the April Fool's Day prank you played four years ago.",,,showing deep-seated resentment,,,,,,,
118,cavalier,showing a lack of concern or seriousness,"Someone who is cavalier has a dismissive attitude and regards other people as inferior. If you think you know more than your teacher and never bother doing homework, your parents might complain that you are cavalier about your studies.",,a gallant or courtly gentleman,given to haughty disregard of others,,,,,,,
119,altruistic,showing unselfish concern for the welfare of others,"Someone who is altruistic always puts others first. An altruistic firefighter risks his life to save another's life, while an altruistic mom gives up the last bite of pie so her kid will be happy.",,,showing unselfish concern for the welfare of others,,,,,,,
120,pragmatic,concerned with practical matters,"To describe a person or a solution that takes a realistic approach, consider the adjective pragmatic. The four-year-old who wants a unicorn for her birthday isn't being very pragmatic.",,an imperial decree that becomes part of the fundamental law of the land,guided by practical experience and observation rather than theory,,,,,,,
121,fanatical,marked by excessive enthusiasm for a cause or idea,"If you are excessively enthusiastic about something — a sports team, an actor, your religion, saving the whales, a certain brand of chocolate — then you are fanatical about it.",,,marked by excessive enthusiasm for and intense devotion to a cause or idea,,,,,,,
122,monotone,an unchanging intonation,"Monotone is a droning, unchanging tone. Nothing can put you to sleep quite as effectively as a teacher talking in a monotone.",,a single tone repeated with different words or different rhythms (especially in rendering liturgical texts),of a sequence or function; consistently increasing and never decreasing or consistently decreasing and never increasing in value,,,,,,,
,,,,,an unchanging intonation,sounded or spoken in a tone unvarying in pitch,,,,,,,
123,adamant,very hard native crystalline carbon valued as a gem,"If you stubbornly refuse to change your mind about something, you are adamant about it.",,very hard native crystalline carbon valued as a gem,"impervious to pleas, persuasion, requests, or reason",,,,,,,
124,acumen,shrewdness shown by keen insight,"If you have acumen, you are very sharp at what you do. You hope your accountant and your surgeon are both known for their acumen.",,a tapering point,,,,,,,,
,,,,,shrewdness shown by keen insight,,,,,,,,
125,ephemeral,"anything short-lived, as an insect that lives only for a day","Something that is fleeting or short-lived is ephemeral, like a fly that lives for one day or text messages flitting from cellphone to cellphone.",,"anything short-lived, as an insect that lives only for a day in its winged form",lasting a very short time,,,,,,,
126,aggrandize,"embellish; increase the scope, power, or importance of","If you are a window washer, but you refer to yourself as a ""vista enhancement specialist,"" then you are aggrandizing your job title — that is, making it sound greater than it is.",add details to,,,,,,,,,
127,banal,repeated too often; overfamiliar through overuse,"If something is boring and unoriginal, it's banal. Banal things are dull as dishwater.",,,repeated too often; overfamiliar through overuse,,,,,,,
128,meticulous,marked by precise accordance with details,"Someone who is meticulous pays extreme attention to detail. If that person is, say, your surgeon or your accountant, you'll definitely want them to be meticulous!",,,marked by extreme care in treatment of details,,,,,,,
,,,,,,marked by precise accordance with details,,,,,,,
129,eccentric,conspicuously or grossly unconventional or unusual,You're most likely to encounter the adjective eccentric in a description of an unusual or quirky person — like a scatterbrained aunt who leaves her life savings to her cat.,,a person of a specified kind (usually with many eccentricities),not having a common center; not concentric,,,,,,,
,,,,,a person with an unusual or odd personality,conspicuously or grossly unconventional or unusual,,,,,,,
130,harried,"troubled persistently, especially with petty annoyances","Someone who is harried is feeling the stress of being rushed, overworked, or harassed. A harried parent might be exhausted but still have to make 3 dozen cupcakes for school and help with a science project.",,,troubled persistently especially with petty annoyances,,,,,,,
131,analogous,similar or equivalent in some respects,Use the adjective analogous to describe something that is similar to something else and can be compared to another.,,,corresponding in function but not in evolutionary origin,,,,,,,
,,,,,,similar or equivalent in some respects though otherwise dissimilar,,,,,,,
132,hackneyed,repeated too often; overfamiliar through overuse,"Hackneyed is a word for language that doesn't pack a punch since it's overused and trite. ""Roses are red, violets are..."" — enough already?! That's hackneyed stuff.",,,repeated too often; overfamiliar through overuse,,,,,,,
133,disparate,fundamentally different or distinct in quality or kind,"The trunk of some people's cars may contain items as disparate as old clothes, rotting food, and possibly a missing relative. Disparate things are very different from each other.",,,including markedly dissimilar elements,,,,,,,
,,,,,,fundamentally different or distinct in quality or kind,,,,,,,
134,sublime,of high moral or intellectual value,"In common use, sublime is an adjective meaning ""awe-inspiringly grand, excellent, or impressive,"" like the best chocolate fudge sundae you've ever had.",vaporize and then condense right back again,,lifted up or set high,,,,,,,
,,,,change or cause to change directly from a solid into a vapor without first melting,,of high moral or intellectual value; elevated in nature or style,,,,,,,
135,enigmatic,not clear to the understanding,"Something that's enigmatic is tough to figure out. It's puzzling and even mysterious, like those weird secret college societies, Mona Lisa's smile, or the New York Times crossword.",,,resembling an oracle in obscurity of thought,,,,,,,
,,,,,,not clear to the understanding,,,,,,,
136,insipid,lacking interest or significance or impact,Something insipid is lacking in flavor or interest. You'll probably find the generic poems inside of greeting cards insipid.,,,lacking taste or flavor or tang,,,,,,,
,,,,,,lacking interest or significance or impact,,,,,,,
137,conjecture,believe especially on uncertain or tentative grounds,"Can you guess what conjecture means? It's a word to use when you are not sure of something and have to ""guess or surmise.""",believe especially on uncertain or tentative grounds,a message expressing an opinion based on incomplete evidence,,,,,,,,
,,,,believe especially on uncertain or tentative grounds,reasoning that involves the formation of conclusions from incomplete evidence,,,,,,,,
,,,,believe especially on uncertain or tentative grounds,a hypothesis that has been formed by speculating or conjecturing (usually with little hard evidence),,,,,,,,
138,laconic,brief and to the point,"Laconic is an adjective that describes a style of speaking or writing that uses only a few words, often to express complex thoughts and ideas.  A more laconic way to write that last sentence might be this: laconic means brief.",,,brief and to the point; effectively cut short,,,,,,,
139,exigent,demanding immediate attention,"When you describe something as exigent, you are saying it requires attention: it can't be ignored.",,,requiring precise accuracy,,,,,,,
,,,,,,demanding attention,,,,,,,
140,disparage,express a negative opinion of,"If you haven't got anything nice to say, then it's time to disparage someone. It means to belittle or degrade a person or idea.",express a negative opinion of,,,,,,,,,
141,polemical,of or involving dispute or controversy,"The adjective polemical describes something related to an argument or controversy. To keep the peace, avoid discussing politics at Thanksgiving, which usually deteriorates into a polemical argument with Uncle Bob. Better stick to football or apple versus pumpkin pie.",,,of or involving dispute or controversy,,,,,,,
142,asperity,harshness of manner,"Asperity is the harsh tone or behavior people exhibit when they’re angry, impatient, or just miserable. Did your supervisor snap “Late again!” when you showed up 20 minutes after your shift was supposed to start? She's speaking with asperity.",,something hard to endure,,,,,,,,
,,,,,harshness of manner,,,,,,,,
143,dearth,an insufficient quantity or number,"If there is a dearth of something, there is not enough of it. A dearth of cupcakes is unfortunate, but a dearth of nutritious food is a serious problem.",,an acute insufficiency,,,,,,,,
,,,,,an insufficient quantity or number,,,,,,,,
144,oblivion,the state of being disregarded or forgotten,"Oblivion is the state of being forgotten. Your uncle dreamed of being a rock star, but after recording one hit song, he faded into oblivion.",,total forgetfulness,,,,,,,,
,,,,,the state of being disregarded or forgotten,,,,,,,,
145,adolescent,a person who is older than 12 but younger than 20,"Adolescent is just a fancy word for teenager — someone who is no longer a child but is not yet an adult. The word can also be used as an adjective. For example, a particular clothing line might be geared toward adolescent girls.",,a juvenile between the onset of puberty and maturity,relating to or peculiar to or suggestive of an adolescent,,,,,,,
,,,,,a juvenile between the onset of puberty and maturity,in the state of development between puberty and maturity,,,,,,,
,,,,,a juvenile between the onset of puberty and maturity,being of the age 13 through 19,,,,,,,
,,,,,a juvenile between the onset of puberty and maturity,displaying or suggesting a lack of maturity,,,,,,,
146,atrocity,an act of shocking cruelty,"Atrocities, acts of outrageous cruelty, are often committed during wars and armed conflicts.",,the quality of being shockingly cruel and inhumane,,,,,,,,
,,,,,an act of atrocious cruelty,,,,,,,,
147,disdain,lack of respect accompanied by a feeling of intense dislike,"If you feel that something isn't worthy of your consideration, you may disdain it (or treat it with disdain).",reject with contempt,a communication that indicates lack of respect by patronizing the recipient,,,,,,,,
,,,,look down on with disdain,lack of respect accompanied by a feeling of intense dislike,,,,,,,,
148,disingenuous,not straightforward or candid,Use the adjective disingenuous to describe behavior that's not totally honest or sincere. It's disingenuous when people pretend to know less about something than they really do.,,,not straightforward or candid; giving a false appearance of frankness,,,,,,,
149,truculent,defiantly aggressive,"If you are quick to argue, always looking for a fight, and hard to please, you are truculent. You can also write a truculent essay, and fans upset by a loss can become truculent.",,,defiantly aggressive,,,,,,,
150,ubiquitous,being present everywhere at once,"It's everywhere! It's everywhere! When something seems like it's present in all places at the same time, reach for the adjective ubiquitous.",,,being present everywhere at once,,,,,,,
151,superfluous,"more than is needed, desired, or required","When something is so unnecessary that it could easily be done away with, like a fifth wheel on a car or a fifth person on a double date, call it superfluous.",,,serving no useful purpose; having no excuse for being,,,,,,,
,,,,,,"more than is needed, desired, or required",,,,,,,
152,corroborate,give evidence for,"To corroborate is to back someone else’s story. If you swear to your teacher that you didn't throw the spitball, and your friends corroborate your story by promising that you were concentrating on math homework, she might actually believe you.",establish or strengthen as with new evidence or facts,,,,,,,,,
,,,,give evidence for,,,,,,,,,
,,,,support with evidence or authority or make more certain or confirm,,,,,,,,,
153,mundane,found in the ordinary course of events,"An ordinary, unexciting thing can be called mundane: ""Superman hid his heroic feats by posing as his mundane alter ego, Clark Kent.""",,,belonging to this earth or world; not ideal or heavenly,,,,,,,
,,,,,,found in the ordinary course of events,,,,,,,
,,,,,,concerned with the world or worldly matters,,,,,,,
154,accord,concurrence of opinion,"An accord is an agreement between groups or even nations, like a formal peace accord that prevents war or the accord between you and your sister specifying who gets to use the car on which days.",allow to have,a written agreement between two states or sovereigns,,,,,,,,
,,,,be harmonious or consistent with,concurrence of opinion,,,,,,,,
155,exasperation,actions that cause great irritation,"If you've ever become so frustrated with someone or something that you feel like you're at the end of your rope, you have experienced exasperation. You are fed up!",,an exasperated feeling of annoyance,,,,,,,,
,,,,,actions that cause great irritation (or even anger),,,,,,,,
156,eminent,standing above others in quality or position,"Anyone highly regarded or prominent is eminent. Eminent people are very successful at their jobs. If you’ve heard of Neil deGrasse Tyson, it’s probably because he’s an eminent astrophysicist.",,,of imposing height; especially standing out above others,,,,,,,
,,,,,,standing above others in quality or position,,,,,,,
,,,,,,(used of persons) standing above others in character or attainment or reputation,,,,,,,
,,,,,,having an illustrious reputation; respected,,,,,,,
157,ambiguity,unclearness by virtue of having more than one meaning,"Something with ambiguity is unclear. Think about the sentence, ""Jill saw the man with binoculars."" If you are wondering whether Jill or the man had the binoculars, you are noticing the ambiguity, or the double meaning, of this sentence.",,an expression whose meaning cannot be determined from its context,,,,,,,,
,,,,,unclearness by virtue of having more than one meaning,,,,,,,,
158,aberration,a state or condition markedly different from the norm,"An aberration is something strange that rarely occurs. An example of an aberration is when the temperature in Minnesota hits 90 degrees in January — it's nice and warm, but it's really strange.",,an optical phenomenon resulting from the failure of a lens or mirror to produce a good image,,,,,,,,
,,,,,a state or condition markedly different from the norm,,,,,,,,
,,,,,a disorder in one's mental state,,,,,,,,
159,complaisance,a tendency to try to please or yield to the will of others,Complaisance is a quality of being eager to please or happy to follow instructions. Your new puppy's complaisance is going to make her easy to train.,,a disposition or tendency to yield to the will of others,,,,,,,,
160,obstinate,marked by tenacious unwillingness to yield,"When someone is beyond stubborn, use the word obstinate instead: ""You obstinate old mule! Get out of my way!""",persist stubbornly,,resistant to guidance or discipline,,,,,,,
161,shrewdness,intelligence manifested by being astute,,,intelligence manifested by being astute (as in business dealings),,,,,,,,
162,erudite,having or showing profound knowledge,"If you call someone erudite, that means they show great learning. After you've earned your second Ph.D., you will be truly erudite.",,,having or showing profound knowledge,,,,,,,
163,culminate,"end, especially to reach a final or climactic stage","The verb culminate is used to describe a high point or a climactic stage in a process. For example, the goal of a Major League baseball team is to have their season culminate in a World Series victory.","rise to, or form, a summit",,,,,,,,,
,,,,"end, especially to reach a final or climactic stage",,,,,,,,,
,,,,bring to a head or to the highest point,,,,,,,,,
,,,,reach the highest or most decisive point,,,,,,,,,
164,acquiesce,agree or express agreement,"To acquiesce is to agree to something or to give in. If your kid sister is refusing to hand over the television remote, you hope she acquiesces before your favorite show comes on.",agree or express agreement,,,,,,,,,
165,diffidence,lack of self-assurance,"The noun diffidence refers to a lack of self-confidence. Your diffidence might be the reason why you never say ""hi"" to the cute guy or gal in the elevator or why you never ask for a raise.",,lack of self-confidence,,,,,,,,
166,disabuse,free somebody from an erroneous belief,"Disabuse means to free someone of a belief that is not true. Many teachers of health find that when they teach, they spend as much energy disabusing kids of false beliefs as they do giving them the facts.",free somebody (from an erroneous belief),,,,,,,,,
167,frivolous,"not serious in content, attitude, or behavior","Frivolous things are silly or unnecessary. If something is frivolous, then you don't need it.",,,not serious in content or attitude or behavior,,,,,,,
168,vacillate,be undecided about something,"Vacillate means to waver back and forth, unable to decide. You might vacillate between ordering waffles and pancakes at your favorite diner — it’s hard to pick just one when both are so tasty!",move or sway in a rising and falling or wavelike pattern,,,,,,,,,
,,,,be undecided about something; waver between conflicting positions or courses of action,,,,,,,,,
169,propriety,correct behavior,Propriety is following what is socially acceptable in speech and behavior. Your little brother might offend your sense of propriety by burping loudly at the dinner table.,,correct or appropriate behavior,,,,,,,,
170,lugubrious,excessively mournful,"Funerals are lugubrious. So are rainy days and Mondays. Anything that makes you sad, gloomy, or mournful can be called lugubrious.",,,excessively mournful,,,,,,,
171,persistent,stubbornly unyielding,"If something is persistent, it just won't stop. If you're persistent in your suggestions for a trip to Mexico, maybe your parents will eventually give in and take you there.",,,retained; not shed,,,,,,,
,,,,,,stubbornly unyielding,,,,,,,
,,,,,,never-ceasing,,,,,,,
,,,,,,continually recurring to the mind,,,,,,,
172,implacable,incapable of being appeased or pacified,"An implacable person just can’t be appeased. If you really offended your best friend and tried every kind of apology but she refused to speak to you again, you could describe her as implacable.",,,incapable of being placated,,,,,,,
173,obdurate,stubbornly persistent in wrongdoing,"Obdurate is a formal word meaning stubborn. If you want to major in English, but your parents are obdurate that you should go premed, they might go so far as to threaten not to pay your tuition.",,,showing unfeeling resistance to tender feelings,,,,,,,
,,,,,,stubbornly persistent in wrongdoing,,,,,,,
174,abstain,"refrain from doing, consuming, or partaking in something","If you abstain from something, you restrain yourself from consuming it. People usually abstain from things that are considered vices — like eating French fries every day for lunch.",refrain from voting,,,,,,,,,
,,,,choose not to partake in or consume,,,,,,,,,
175,impetuous,characterized by undue haste and lack of thought,"Someone impetuous acts too hastily or carelessly. Hotheaded, impulsive folks are impetuous.",,,marked by violent force,,,,,,,
,,,,,,characterized by undue haste and lack of thought or deliberation,,,,,,,
176,decorum,propriety in manners and conduct,"Decorum is proper and polite behavior. If you let out a big belch at a fancy dinner party, you're not showing much decorum.",,the fitness of a composition’s style to its subject,,,,,,,,
,,,,,propriety in manners and conduct,,,,,,,,
177,eloquent,"expressing yourself readily, clearly, effectively","When you're eloquent, you have a way with words. An eloquent speaker expresses herself clearly and powerfully. Even though eloquent usually describes oral speech, it can also be used to describe powerful writing.",,,"expressing yourself readily, clearly, effectively",,,,,,,
178,providential,peculiarly fortunate or appropriate,"If your best friend pulls up beside you in her convertible just as your bike gets a flat tire, you could call it providential, or magically lucky.",,,resulting from divine providence,,,,,,,
,,,,,,peculiarly fortunate or appropriate; as if by divine intervention,,,,,,,
,,,,,,relating to or characteristic of providence,,,,,,,
179,prodigious,"great in size, force, extent, or degree","Something exceptional, substantial, or great is prodigious. A blizzard includes prodigious wind and snow. A prodigious writer is one who can write a lot and do it well.",,,of momentous or ominous significance,,,,,,,
,,,,,,so great in size or force or extent as to elicit awe,,,,,,,
,,,,,,far beyond what is usual in magnitude or degree,,,,,,,
180,zeal,a feeling of strong eagerness,"Zeal is dedication or enthusiasm for something. If you have zeal, you're willing, energized, and motivated.",,excessive fervor to do something or accomplish some end,,,,,,,,
,,,,,a feeling of strong eagerness (usually in favor of a person or cause),,,,,,,,
,,,,,prompt willingness,,,,,,,,
181,puerile,displaying or suggesting a lack of maturity,"Some people like their movies to have sophisticated humor and others prefer the more puerile humor of pratfalls or jokes about smelly underwear, inappropriate belching, and passing gas.",,,of or characteristic of a child,,,,,,,
,,,,,,displaying or suggesting a lack of maturity,,,,,,,
182,obfuscate,make obscure or unclear,"Some people are experts at obfuscating the truth by being evasive, unclear, or obscure in the telling of the facts. The people who are good at obfuscating would include defense lawyers and teenagers asked about their plans for Saturday night.",make obscure or unclear,,,,,,,,,
183,apathy,an absence of emotion or enthusiasm,Use the noun apathy when someone isn't interested in the important things that are happening. You might feel apathy for the political process after watching candidates bicker tediously with one another.,,the trait of lacking enthusiasm for or interest in things generally,,,,,,,,
,,,,,an absence of emotion or enthusiasm,,,,,,,,
184,benevolent,showing or motivated by sympathy and understanding,"Choose the adjective benevolent for someone who does good deeds or shows goodwill. If your teacher collects homework with a benevolent smile, she's hoping that you've done a good job.",,,generous in assistance to the poor,,,,,,,
,,,,,,showing or motivated by sympathy and understanding and generosity,,,,,,,
,,,,,,intending or showing kindness,,,,,,,
,,,,,,generous in providing aid to others,,,,,,,
185,predicament,an unpleasant or difficult situation,"If you're engaged to get married but suddenly fall in love with someone else, you have gotten yourself into quite a predicament. A predicament is a difficult, confusing, and unpleasant situation.",,a situation from which extrication is difficult especially an unpleasant or trying one,,,,,,,,
186,confine,place limits on,"Confine is all about setting limits. If you are confined to the house, it means you can't leave it. If you're really sick, you might be confined to your bed.","close in; ""darkness confined him""",,,,,,,,,
,,,,place limits on (extent or access),,,,,,,,,
,,,,"restrict or confine, ""I limit you to two visits to the pub a day""",,,,,,,,,
,,,,deprive of freedom; take into confinement,,,,,,,,,
187,progeny,the immediate descendants of a person,"Progeny means ""offspring"" or ""children."" You and your brothers are the progeny of your parents, and your cat's new litter of kittens is her progeny.",,the immediate descendants of a person,,,,,,,,
188,repertoire,the range of skills in a particular field or occupation,Repertoire refers to the full supply of what you can do. A singer's repertoire is all the songs he can sing. A chef's repertoire is what she knows how to cook.,,"a collection of works (plays, songs, operas, ballets) that an artist or company can perform and do perform for short intervals on a regular schedule",,,,,,,,
,,,,,the entire range of skills or aptitudes or devices used in a particular field or occupation,,,,,,,,
189,impelled,urged or forced to action through moral pressure,,,,urged or forced to action through moral pressure,,,,,,,
190,etched,cut or impressed into a surface,,,,cut or impressed into a surface,,,,,,,
191,prowl,move about in or as if in a predatory manner,"If you move stealthily — like you're looking for something to prey on — then you prowl. Your cat might prowl around the room and pounce on your feet, which is cute if you're awake, but annoying when you're asleep.","loiter about, with no apparent aim",the act of prowling (walking about in a stealthy manner),,,,,,,,
192,propensity,a natural inclination,"A propensity is a natural tendency to behave in a certain way. We all have propensities — things we tend to do. Dogs have a propensity to bark, and many people have a propensity for getting annoyed by it.",,a disposition to behave in a certain way,,,,,,,,
,,,,,a natural inclination,,,,,,,,
,,,,,an inclination to do something,,,,,,,,
193,comprehend,get the meaning of something,"To comprehend something is to understand it, like when you have to read a difficult passage more than once in order to comprehend it.",include in scope; include as part of something broader; have as one's sphere or territory,,,,,,,,,
,,,,get the meaning of something,,,,,,,,,
,,,,become aware of through the senses,,,,,,,,,
194,thoroughly,in an exhaustive manner,"Thoroughly means exhaustively and completely. No matter how thoroughly you clean every carpet, shelf, and windowpane in a house, there is always more dust to be found.",,,,,completely and absolutely (`good' is sometimes used informally for `thoroughly'),,,,,
,,,,,,,,in an exhaustive manner,,,,,
195,erroneous,containing or characterized by mistakes,The adjective erroneous describes something or someone as mistaken and incorrect. Early explorers had the erroneous notion that the oceans were full of dragons.,,,containing or characterized by error,,,,,,,
196,espouse,"choose and follow a theory, idea, policy, etc.","Use the verb espouse to describe the actions of someone who lives according to specific beliefs, such as your friends who espouse environmentalism and as a result walk whenever possible instead of taking the car.",take in marriage,,,,,,,,,
,,,,"choose and follow; as of theories, ideas, policies, strategies or plans",,,,,,,,,
,,,,"take up the cause, ideology, practice, method, of someone and use it as one's own",,,,,,,,,
197,fallacious,containing or based on incorrect reasoning,"Something fallacious is a mistake that comes from too little information or unsound sources. Predictions that the whole state of California will snap off from the rest of North America and float away have proven to be fallacious — for now, anyway.",,,intended to deceive,,,,,,,
,,,,,,containing or based on a fallacy,,,,,,,
,,,,,,based on an incorrect or misleading notion or information,,,,,,,
198,decisive,characterized by resoluteness and firmness,"If you make decisions quickly, you are someone who is decisive. A decisive event can settle something, like a war.",,,unmistakable,,,,,,,
,,,,,,characterized by decision and firmness,,,,,,,
,,,,,,determining or having the power to determine an outcome,,,,,,,
,,,,,,forming or having the nature of a turning point or crisis,,,,,,,
199,penning,the act of creating written works,,,the act of creating written works,,,,,,,,
200,automation,the act of implementing the control of equipment,"Automation means making something automatic, or mechanized. If there's smoke in your house and your smoke detector is set up to ""call"" the fire department, that's an example of automation.",,the condition of being automatically operated or controlled,,,,,,,,
,,,,,the act of implementing the control of equipment with advanced technology; usually involving electronic hardware,,,,,,,,
,,,,,equipment used to achieve automatic control or operation,,,,,,,,
201,apprehended,fully understood or grasped,,,,fully understood or grasped,,,,,,,
202,manoeuvre,a military training exercise,,direct the course; determine the direction of travelling,an action aimed at evading an opponent,,,,,,,,
,,,,act in order to achieve a certain goal,a military training exercise,,,,,,,,
,,,,perform a movement in military or naval tactics in order to secure an advantage in attack or defense,a plan for attaining a particular goal,,,,,,,,
203,worthwhile,sufficiently valuable to justify the investment of time,Things that are worthwhile are good — they're worth the time or money you spend on them.,,,sufficiently valuable to justify the investment of time or interest,,,,,,,
204,wittingly,with full knowledge and deliberation,,,,,,with full knowledge and deliberation,,,,,
205,prominent,conspicuous in position or importance,"If you're looking for an adjective that means ""sticking out above the rest; famous,"" consider prominent. A prominent person might be the big star, the head honcho, the top dog — not just any ordinary person.",,,having a quality that thrusts itself into attention,,,,,,,
,,,,,,conspicuous in position or importance,,,,,,,
206,catapult,an engine providing medieval artillery used during sieges,"A catapult is something that hurls things through the air, like a catapult that sends pumpkins flying in an annual Halloween competition.",hurl as if with a sling,a plaything consisting of a Y-shaped stick with elastic between the arms; used to propel small stones,,,,,,,,
,,,,"shoot forth or launch, as if from a catapult",an engine that provided medieval artillery used during sieges; a heavy war engine for hurling large stones and other missiles,,,,,,,,
207,besieged,surrounded by hostile forces,,,,surrounded by hostile forces,,,,,,,
208,conviction,an unshakable belief in something without need for proof,A conviction is something certain: a judgment of guilty in court and a strong belief are both convictions.,,(criminal law) a final judgment of guilty in a criminal case and the punishment that is imposed,,,,,,,,
,,,,,an unshakable belief in something without need for proof or evidence,,,,,,,,
209,compelling,capable of arousing and holding the attention,"Compelling means attractive, or irresistible, or really, really convincing. You know your argument for backpacking across Europe is compelling when your parents not only let you go but also pay for all your expenses.",,,driving or forcing,,,,,,,
,,,,,,capable of arousing and holding the attention,,,,,,,
,,,,,,tending to persuade by forcefulness of argument,,,,,,,
210,elucidate,make clear and comprehensible,"If you elucidate something, you explain it very clearly. If you don't understand fractions, a visit to the pie shop may elucidate the subject for you.",make free from confusion or ambiguity; make clear,,,,,,,,,
,,,,make clear and (more) comprehensible,,,,,,,,,
211,rein,one of a pair of long straps used to control a horse,"Rein is both a noun and a verb for guiding and restraining. You can use the long strap, or rein, on a horse to control its speed and direction, and you can rein in your own tongue by closing your mouth.",stop or slow up one's horse or oneself by or as if by pulling the reins,any means of control,,,,,,,,
,,,,control and direct with or as if by reins,one of a pair of long straps (usually connected to the bit or the headpiece) used to control a horse,,,,,,,,
,,,,stop or check by or as if by a pull at the reins,one of a pair of long straps (usually connected to the bit or the headpiece) used to control a horse,,,,,,,,
,,,,keep in check,one of a pair of long straps (usually connected to the bit or the headpiece) used to control a horse,,,,,,,,
212,incessant,uninterrupted in time and indefinitely long continuing,"Something incessant continues without interruption. When you're on a cross-country flight, it's tough to tolerate the incessant crying of a baby.",,,uninterrupted in time and indefinitely long continuing,,,,,,,
213,falter,"move hesitatingly, as if about to give way","Falter means to hesitate, stumble, or waver, and everything from faith to voices can do it. So if you want to keep your bride or groom happy, it's best not to falter when it's your turn to say ""I do.""",be unsure or weak,the act of pausing uncertainly,,,,,,,,
214,etch,carve or cut a design or letters into,"If you etch something you are cutting into it. You can etch ""I ♥ U"" into a tree trunk with a pocket knife or etch your initials in your desk with a key (if the teacher's not looking).",cause to stand out or be clearly defined or visible,,,,,,,,,
,,,,carve or cut a design or letters into,,,,,,,,,
,,,,carve or cut into a block used for printing or print from such a block,,,,,,,,,
,,,,"selectively dissolve the surface of (a semiconductor or printed circuit) with a solvent, laser, or stream of electrons",,,,,,,,,
215,immemorial,long past,"Anything immemorial is very, very old. You're most likely to hear this word in the phrase ""time immemorial,"" a common way to say ""so long ago that no one remembers it.""",,,long past; beyond the limits of memory or tradition or recorded history,,,,,,,
216,delve,"turn up, loosen, or remove earth","The verb delve means to dig into, loosen, or investigate. She delved into her family's history and discovered an inventor, a checkers champion, and a circus equestrian in her ancestry.",consider in detail and subject to an analysis in order to discover essential features or meaning,,,,,,,,,
,,,,"turn up, loosen, or remove earth",,,,,,,,,
,,,,search for something in a receptacle or container,,,,,,,,,
,,,,inquire into,,,,,,,,,
217,bode,indicate by signs,"The verb bode suggests forecasting. Something bodes well when the clues or signs imply a favorable outcome. But if something bodes ill, you’d better watch out!",indicate by signs,,,,,,,,,
218,repose,freedom from activity,"Repose is a formal or literary term used to mean the act of resting, or the state of being at rest. Repose is also a state of mind: freedom from worry.",be inherent or innate in,a disposition free from stress or emotion,,,,,,,,
,,,,lean in a comfortable resting position,freedom from activity (work or strain or responsibility),,,,,,,,
,,,,lie when dead,the absence of mental stress or anxiety,,,,,,,,
,,,,put in a horizontal position,the absence of mental stress or anxiety,,,,,,,,
219,unscrupulous,without principles,Use the adjective unscrupulous to describe someone who behaves in a dishonest or unethical way.,,,without scruples or principles,,,,,,,
220,juncture,the shape or manner in which things come together,"A juncture is a crucial point in time when a decision must be made. At this juncture, a president might say, the government must decide whether to go ahead with war or to try to solve things diplomatically.",,a crisis situation or point in time when a critical decision must be made,,,,,,,,
,,,,,the shape or manner in which things come together and a connection is made,,,,,,,,
,,,,,an event that occurs at a critical time,,,,,,,,
221,fathom,a linear unit of measurement for water depth,"To fathom something is to understand it thoroughly. It's usually used in the negative, as in ""I can't fathom why he doesn't want to go along with us.""",come to understand,(mining) a unit of volume (equal to 6 cubic feet) used in measuring bodies of ore,,,,,,,,
,,,,measure the depth of (a body of water) with a sounding line,a linear unit of measurement (equal to 6 feet) for water depth,,,,,,,,
222,diligent,quietly and steadily persevering in detail or exactness,"Someone who is diligent works hard and carefully. If you want to write the epic history of your family, you'll have to be very diligent in tracking down and interviewing all of your relatives.",,,characterized by care and perseverance in carrying out tasks,,,,,,,
,,,,,,quietly and steadily persevering especially in detail or exactness,,,,,,,
223,ignominious,deserving or bringing disgrace or shame,"Losing a football game stinks, but losing a game where, at the end, you are lying face down in a puddle of mud and the fans are burning effigies of you in the streets? That is an ignominious defeat.",,,(used of conduct or character) deserving or bringing disgrace or shame,,,,,,,
224,galore,existing in abundance,"At a party with more cupcakes than anyone could imagine, you’ll hear guests say, “There are cupcakes galore!”  Galore means there’s so much that it’s unbelievable.",,,in great numbers,,,,,,,
,,,,,,existing in abundance,,,,,,,
225,imbibe,take in liquids,"Imbibe is a fancy word for ""drink.""  If you need to imbibe ten cups of coffee just to get out of the house, you might have a caffeine problem.",receive into the mind and retain,,,,,,,,,
,,,,take in liquids,,,,,,,,,
,,,,"take (gas, light or heat) into a solution",,,,,,,,,
,,,,"take in, also metaphorically",,,,,,,,,
226,succinctly,with concise and precise brevity; to the point,"To say something succinctly is to say it briefly, fitting your points into one concise statement. It's a talent rarely enjoyed and much appreciated.  You succinctly stated your case and sat down to great applause, not to mention great relief.",,,,,with concise and precise brevity; to the point,,,,,
227,tandem,an arrangement of objects or persons one behind another,"Tandem describes an arrangement where people or animals are in formation, one behind the other. Couples attached at the hip sometimes like to ride tandem bicycles, which allow two people to pedal the same bike. How cute.",,a bicycle with two sets of pedals and two seats,,,one behind the other,,,,,
228,unbridled,not restrained or controlled,"Unbridled means unrestrained. When you find out that you just won the lottery, feel free to jump up and down with unbridled joy. Go ahead, most people would probably let loose in the same way.",,,not restrained or controlled,,,,,,,
229,maudlin,very sentimental or emotional,"You can use maudlin to describe something that brings tears to your eyes, or makes you feel very emotional. Tearjerkers like ""Forrest Gump"" and ""Titanic"" can be described as maudlin.",,,effusively or insincerely emotional,,,,,,,
230,wheedle,"influence or urge by gentle urging, caressing, or flattering","To wheedle is to sweet talk, or flatter someone in the hopes of getting something in return. You might try to wheedle a meter maid into not giving you a parking ticket. Good luck with that.","influence or urge by gentle urging, caressing, or flattering",,,,,,,,,
231,amelioration,the act of relieving ills and changing for the better,Amelioration is a process that makes something better. A philanthropist might devote her life to the amelioration of poverty and hunger.,,the act of relieving ills and changing for the better,,,,,,,,
232,brood,"hang over, as of something threatening, dark, or menacing","A brood is a group of young born at the same time — like a brood of chicks — but your parents might use the word for you and your siblings: ""We're taking the whole brood to the movies tonight.""",sit on (eggs),the young of an animal cared for at one time,,,,,,,,
233,whimsy,an odd or fanciful or capricious idea,"Whimsy is what a person who's a dreamer and out of step with the real world might have lots of. People who are full of whimsy are odd, but often fanciful and lovely, like Harry Potter's friend Luna Lovegood.",,the trait of acting unpredictably and more from whim or caprice than from reason or judgment,,,,,,,,
,,,,,an odd or fanciful or capricious idea,,,,,,,,
234,chatoyant,varying in color when seen in different lights or from different angles,,,,varying in color when seen in different lights or from different angles,,,,,,,
235,conflate,mix together different elements,"Conflate is a more formal way to say ""mix together,"" and it's typically used for texts or ideas. You probably wouldn't say you conflated the ingredients for a cake, but if you blended two different stories together to make a new one, conflate would work.",mistake one thing for another,,,,,,,,,
,,,,mix together different elements,,,,,,,,,
236,hark back,go back to something earlier,,go back to something earlier,,,,,,,,,
237,besiege,surround so as to force to give up,"To besiege means to attack with an army, or to pester with many requests. When all your teachers ask you to hand in assignments on the same day, you can end up feeling besieged.",cause to feel distressed or worried,,,,,,,,,
,,,,surround so as to force to give up,,,,,,,,,
,,,,"harass, as with questions or requests",,,,,,,,,
238,apprehend,anticipate with dread or anxiety,"To apprehend is to capture or arrest, as when the police try to apprehend criminals and bring them to justice. You also apprehend a concept when you understand it, grasping or capturing its meaning.",take into custody,,,,,,,,,
,,,,anticipate with dread or anxiety,,,,,,,,,
,,,,understand or perceive the meaning of something,,,,,,,,,
239,imperative,requiring attention or action,"When something absolutely has to be done and cannot be put off, use the adjective imperative.",,a mood that expresses an intention to influence the listener's behavior,relating to verbs in the imperative mood,,,,,,,
,,,,,some duty that is essential and urgent,requiring attention or action,,,,,,,
240,compel,force somebody to do something,"Compel means to force or drive someone to do something. Even if you don't like toast, when you visit the toast-eating natives of Shrintakook Island, you'll be compelled to eat it, or they will not trust you.",necessitate or exact,,,,,,,,,
,,,,force somebody to do something,,,,,,,,,
241,fortify,make strong or stronger,"If you add nutrients to something you fortify it. Food scientists have found ways to fortify cereal, but in addition to vitamins C and D, they usually add a lot of sugar.",prepare oneself for a military confrontation,,,,,,,,,
,,,,make strong or stronger,,,,,,,,,
,,,,add nutrients to,,,,,,,,,
,,,,add alcohol to (beverages),,,,,,,,,
242,entail,have as a logical consequence,"To entail is to involve. A job at a movie theater might entail sweeping popcorn off the floor, probably because watching a movie entails eating popcorn in the dark. It’s a small price to pay!",limit the inheritance of property to a specific class of heirs,the act of entailing property; the creation of a fee tail from a fee simple,,,,,,,,
,,,,have as a logical consequence,land received by fee tail,,,,,,,,
243,prudent,marked by sound judgment,"Describe an action as prudent if it is the wise thing to do under the existing circumstances. If you're getting in trouble, it is probably prudent to keep your mouth closed and just listen.",,,careful and sensible; marked by sound judgment,,,,,,,
244,pertain,be relevant to,"To pertain is to be relevant or somehow associated with something.  If you're a lawyer, you try to find evidence that will pertain to the case and eliminate anything that is not connected.",be a part or attribute of,,,,,,,,,
,,,,be relevant to,,,,,,,,,
245,fraught,filled with or attended with,"Fraught means filled with something — often something bad. Your Thanksgiving was fraught with awkward moments when your family saw your blue hair, and it only got worse when you told them you'd quit law school to join the circus.",,,marked by distress,,,,,,,
,,,,,,filled with or attended with,,,,,,,
246,bestow,give as a gift,"When you present an honor or a gift to someone, you bestow it, which is the same as giving it, but often classier and more respectful.",bestow a quality on,,,,,,,,,
,,,,give as a gift,,,,,,,,,
,,,,present,,,,,,,,,
247,emphatic,spoken with particular stress,Emphatic means forceful and clear. Nicole's mother was emphatic when she told her not to come home late again.,,,forceful and definite in expression or action,,,,,,,
,,,,,,spoken with emphasis,,,,,,,
,,,,,,sudden and strong,,,,,,,
248,preach,deliver a sermon,"To preach is to deliver a sermon or an otherwise powerful message. You may go to church to hear the minister preach, and you may preach tolerance to your friends.","speak, plead, or argue in favor of",,,,,,,,,
,,,,deliver a sermon,,,,,,,,,
249,endeavor,attempt by employing effort,"When you endeavor to do something, you try hard to make it happen. A determined student might endeavor to get straight As on her report card.",attempt by employing effort,a purposeful or industrious undertaking (especially one that requires effort or boldness),,,,,,,,
,,,,attempt by employing effort,earnest and conscientious activity intended to do or accomplish something,,,,,,,,
250,precedent,an example that is used to justify similar occurrences,"A precedent is something that sets a standard for future events. It's hard to say what the legal community would do without the word precedent, since so many legal judgments and decisions are based on what came before.",,a subject mentioned earlier (preceding in time),"preceding in time, order, or significance",,,,,,,
251,gratify,make happy or satisfied,"To gratify is to satisfy. Bringing home an A in math would gratify your math tutor. 
Gratify can also mean to give in. You probably shouldn't gratify your urge to scream in class.",yield (to); give satisfaction to,,,,,,,,,
,,,,make happy or satisfied,,,,,,,,,
252,drudgery,"hard, monotonous, routine work","If you’ve ever had to do the laundry, wash the dishes, make the meals, change the bedding, vacuum the house, and clean the bathrooms day after day, you’ve experienced drudgery. Drudgery is hard, mindless, backbreaking work.",,hard monotonous routine work,,,,,,,,
253,autochthonous,originating where it is found,"Use the adjective autochthonous to say that something is native to an area. If kane toads originated in your area, then they’re an autochthonous species.",,,"of rocks, deposits, etc.; found where they and their constituents were formed",,,,,,,
,,,,,,originating where it is found,,,,,,,
254,satiate,fill to satisfaction,"If you just can't get enough popcorn, even the jumbo tub at the movie theater may not be enough to satiate, or satisfy, your desire.",overeat or eat immodestly; make a pig of oneself,,supplied (especially fed) to satisfaction,,,,,,,
255,clique,an exclusive circle of people with a common purpose,"A clique is an exclusive group of people or friends. Before Rudolph pulled Santa's sled through the fog, the clique of flying reindeer never let him play their reindeer games.",,an exclusive circle of people with a common purpose,,,,,,,,
256,befuddle,be confusing or perplexing to,"To befuddle is to confuse. A sticky exam question can befuddle you, or an awkward question about your whereabouts the night before (how can you remember? You were befuddled, after all.)",make stupid with alcohol,,,,,,,,,
,,,,be confusing or perplexing to; cause to be unable to think clearly,,,,,,,,,
257,coadjutor,an assistant to a bishop,,,an assistant to a bishop,,,,,,,,
258,onslaught,an offensive against an enemy,"Onslaught is a military term that refers to an attack against an enemy. It's safe to say that no one wants to be caught on the receiving end of an onslaught, because there will be lots of danger, destruction and probably death.",,the rapid and continuous delivery of linguistic communication (spoken or written),,,,,,,,
,,,,,(military) an offensive against an enemy (using weapons),,,,,,,,
,,,,,a sudden and severe onset of trouble,,,,,,,,
259,treason,a crime that undermines the offender's government,"Hacking your brother’s email account and sharing all his secrets with your mom could be considered an act of personal treason, meaning you have betrayed your brother.",,an act of deliberate betrayal,,,,,,,,
,,,,,a crime that undermines the offender's government,,,,,,,,
,,,,,disloyalty by virtue of subversive behavior,,,,,,,,
260,cognition,the psychological result of perception and reasoning,"Cognition is the act of thinking, perceiving, and understanding. It's cognition that makes it possible for you to learn a foreign language.",,the psychological result of perception and learning and reasoning,,,,,,,,
261,cordon,a series of sentinels or posts enclosing some place or thing,That yellow police tape and group of officers encircling the crime scene? That's a kind of cordon — something set up to guard something.,,adornment consisting of an ornamental ribbon or cord,,,,,,,,
,,,,,a series of sentinels or of military posts enclosing or guarding some place or thing,,,,,,,,
,,,,,cord or ribbon worn as an insignia of honor or rank,,,,,,,,
262,procure,get by special effort,"In prison movies, there's always a character who is able to procure all sorts of contraband from the inside — magazines, playing cards, special soap. If you procure something, you get it or bring it about by special effort.",arrange for sexual partners for others,,,,,,,,,
,,,,get by special effort,,,,,,,,,
263,obsolete,no longer in use,"Use the adjective obsolete for something that is out of date. As the Rolling Stones song ""Out of Time"" goes, ""You're obsolete, my baby, my poor old-fashioned baby.""",,,no longer in use,,,,,,,
